<?xml version="1.0" encoding="utf-8"?>
<!DOCTYPE hibernate-configuration PUBLIC
"-//Hibernate/Hibernate Configuration DTD 3.0//EN"
"http://hibernate.sourceforge.net/hibernate-configuration-3.0.dtd">
<hibernate-configuration>
    <session-factory name="devl">
        <property name="hibernate.bytecode.use_reflection_optimizer">false</property>
        <property name="hibernate.connection.driver_class">oracle.jdbc.OracleDriver</property>
        <property name="hibernate.connection.password">Ugadawg9</property>
        <property name="hibernate.connection.url">jdbc:oracle:thin:@stella.unm.edu:1523:DEVL</property>
        <property name="hibernate.connection.username">stirlingcrow</property>
        <property name="hibernate.default_schema">STIRLINGCROW</property> <!-- This has to be in upper case -->
        <property name="hibernate.dialect">org.hibernate.dialect.Oracle10gDialect</property>
        <property name="hibernate.search.autoregister_listeners">false</property>
        <property name="hibernate.validator.apply_to_ddl">false</property>
        <mapping class="edu.unm.registration.model.VknsSpriden" resource="VknsSpriden.hbm.xml" />
    </session-factory>
</hibernate-configuration>
