<?xml version="1.0" encoding="UTF-8"?>
<beans:beans xmlns="http://www.springframework.org/schema/mvc"
	xmlns:xsi="http://www.w3.org/2001/XMLSchema-instance"
	xmlns:beans="http://www.springframework.org/schema/beans"
	xmlns:context="http://www.springframework.org/schema/context"
	xsi:schemaLocation="http://www.springframework.org/schema/mvc http://www.springframework.org/schema/mvc/spring-mvc.xsd
		http://www.springframework.org/schema/beans http://www.springframework.org/schema/beans/spring-beans.xsd
		http://www.springframework.org/schema/context http://www.springframework.org/schema/context/spring-context.xsd">

	<!-- DispatcherServlet Context: defines this servlet's request-processing infrastructure -->
	
	<!-- Enables the Spring MVC @Controller programming model -->
	<annotation-driven />

	<!-- Handles HTTP GET requests for /resources/** by efficiently serving up static resources in the ${webappRoot}/resources directory -->
	<resources mapping="/resources/**" location="/resources/" />

	<!-- Resolves views selected for rendering by @Controllers to .jsp resources in the /WEB-INF/views directory -->
	<beans:bean class="org.springframework.web.servlet.view.InternalResourceViewResolver">
		<beans:property name="prefix" value="/WEB-INF/views/" />
		<beans:property name="suffix" value=".jsp" />
	</beans:bean> 
		
	<beans:bean class="org.springframework.web.servlet.view.ContentNegotiatingViewResolver">
        <beans:property name="mediaTypes">
            <beans:map>
                <beans:entry key="atom" value="application/atom+xml"/>
                <beans:entry key="html" value="text/html"/>
                <beans:entry key="json" value="application/json"/>
            </beans:map>
        </beans:property>        
    </beans:bean>
	<context:annotation-config/>
	<context:component-scan base-package="edu.unm.registration" />
	
	<beans:import resource="spring-beans.xml"/>
	<beans:import resource="spring-converter.xml"/>
	<beans:import resource="spring-jdbc.xml"/>
	
</beans:beans>
