<?xml version="1.0" encoding="UTF-8"?>
<beans xmlns="http://www.springframework.org/schema/beans"
	xmlns:xsi="http://www.w3.org/2001/XMLSchema-instance" xmlns:p="http://www.springframework.org/schema/p"
	xmlns:context="http://www.springframework.org/schema/context"
	xmlns:jee="http://www.springframework.org/schema/jee" xmlns:util="http://www.springframework.org/schema/util"
	xmlns:tx="http://www.springframework.org/schema/tx" xmlns:security="http://www.springframework.org/schema/security"
	xsi:schemaLocation="
			http://www.springframework.org/schema/beans http://www.springframework.org/schema/beans/spring-beans-3.2.xsd
			http://www.springframework.org/schema/context http://www.springframework.org/schema/context/spring-context-3.2.xsd
			http://www.springframework.org/schema/jee http://www.springframework.org/schema/jee/spring-jee-3.2.xsd
			http://www.springframework.org/schema/util http://www.springframework.org/schema/util/spring-util-3.2.xsd
			http://www.springframework.org/schema/tx http://www.springframework.org/schema/tx/spring-tx-3.2.xsd
			http://www.springframework.org/schema/security http://www.springframework.org/schema/security/spring-security-3.2.xsd">

	<context:annotation-config />

	<!-- DATABASE SETUP -->

	<!-- <bean id="dataSource" class="org.apache.commons.dbcp.BasicDataSource"> 
		<property name="username" value="sa" /> <property name="password" value="" 
		/> <property name="driverClassName" value="org.hsqldb.jdbcDriver" /> <property 
		name="url" value="jdbc:hsqldb:mem:example" /> </bean> -->

	<bean id="dataSource"
		class="org.springframework.jdbc.datasource.DriverManagerDataSource">
		<property name="driverClassName" value="org.postgresql.Driver" />
		<property name="url" value="jdbc:postgresql://localhost:5433/AppSecurity" />
		<property name="username" value="postgres" />
		<property name="password" value="postgres" />
	</bean>
	<bean id="entityManagerFactory"
		class="org.springframework.orm.jpa.LocalContainerEntityManagerFactoryBean">
		<property name="dataSource" ref="dataSource" />
		<property name="persistenceUnitName" value="examplePU" />
		<property name="jpaVendorAdapter">
			<bean class="org.springframework.orm.jpa.vendor.HibernateJpaVendorAdapter">
				<property name="generateDdl" value="true" />
				<property name="showSql" value="true" />
			</bean>
		</property>
	</bean>

	<bean id="transactionManager" class="org.springframework.orm.jpa.JpaTransactionManager">
		<property name="entityManagerFactory" ref="entityManagerFactory" />
	</bean>

	<bean id="newsEntryDao"
		class="net.dontdrinkandroot.example.angularrestspringsecurity.dao.newsentry.JpaNewsEntryDao">
	</bean>

	<bean id="userDao"
		class="net.dontdrinkandroot.example.angularrestspringsecurity.dao.user.JpaUserDao">
	</bean>
<!--
	<bean id="dataBaseInitializer"
		class="net.dontdrinkandroot.example.angularrestspringsecurity.dao.DataBaseInitializer"
		init-method="initDataBase">
		<constructor-arg ref="userDao" />
		<constructor-arg ref="newsEntryDao" />
		<constructor-arg ref="passwordEncoder" />
	</bean>
-->
	<tx:annotation-driven transaction-manager="transactionManager" />

	<!-- INIT REST COMPONENTS -->

	<context:component-scan
		base-package="net.dontdrinkandroot.example.angularrestspringsecurity.rest.resources" />

	<bean id="objectMapper" class="org.codehaus.jackson.map.ObjectMapper" />

	<!-- SPRING SECURITY SETUP -->

	<bean id="passwordEncoder"
		class="org.springframework.security.crypto.password.StandardPasswordEncoder">
		<constructor-arg value="ThisIsASecretSoChangeMe" />
	</bean>

	<!-- <bean id="passwordEncoder" class="org.springframework.security.authentication.encoding.MessageDigestPasswordEncoder"> 
		<constructor-arg value="MD5" /> </bean> -->

	<security:authentication-manager id="authenticationManager">
		<security:authentication-provider
			user-service-ref="userDao">
			<security:password-encoder ref="passwordEncoder"></security:password-encoder>
		</security:authentication-provider>
	</security:authentication-manager>

	<security:http realm="Protected API" use-expressions="true"
		auto-config="false" create-session="stateless" entry-point-ref="unauthorizedEntryPoint"
		authentication-manager-ref="authenticationManager">
		<security:custom-filter ref="authenticationTokenProcessingFilter"
			position="FORM_LOGIN_FILTER" />
		<security:intercept-url pattern="/rest/user/authenticate"
			access="permitAll" />
		<security:intercept-url method="GET" pattern="/rest/news/**"
			access="hasRole('user')" />
		<security:intercept-url method="PUT" pattern="/rest/news/**"
			access="hasRole('admin')" />
		<security:intercept-url method="POST" pattern="/rest/news/**"
			access="hasRole('admin')" />
		<security:intercept-url method="DELETE"
			pattern="/rest/news/**" access="hasRole('admin')" />
	</security:http>

	<bean id="unauthorizedEntryPoint"
		class="net.dontdrinkandroot.example.angularrestspringsecurity.rest.UnauthorizedEntryPoint" />

	<bean
		class="net.dontdrinkandroot.example.angularrestspringsecurity.rest.AuthenticationTokenProcessingFilter"
		id="authenticationTokenProcessingFilter">
		<constructor-arg ref="userDao" />
	</bean>

</beans>